INSERT INTO `npc` (`npcid`, `name`, `nameid`, `note`, `impl`, `gfxid`, `lvl`, `hp`, `mp`, `ac`, `str`, `con`, `dex`, `wis`, `intel`, `mr`, `exp`, `lawful`, `size`, `weakAttr`, `ranged`, `tamable`, `passispeed`, `atkspeed`, `alt_atk_speed`, `atk_magic_speed`, `sub_magic_speed`, `undead`, `poison_atk`, `paralysis_atk`, `agro`, `agrososc`, `agrocoi`, `family`, `agrofamily`, `agrogfxid1`, `agrogfxid2`, `picupitem`, `digestitem`, `bravespeed`, `hprinterval`, `hpr`, `mprinterval`, `mpr`, `teleport`, `randomlevel`, `randomhp`, `randommp`, `randomac`, `randomexp`, `randomlawful`, `damage_reduction`, `hard`, `doppel`, `IsTU`, `IsErase`, `bowActId`, `karma`, `transform_id`, `transform_gfxid`, `light_size`, `amount_fixed`, `change_head`, `cant_resurrect`, `hascastle`, `spawnlist_door`, `count_map`) VALUES
(46168, 'Paper Man', '$1396', '新象牙の塔', 'L1Monster', 1538, 50, 800, 5, -30, 11, 16, 10, 8, 10, 5, 2501, -8, 'small', 1, 1, 1, 960, 960, 800, 960, 960, 0, 0, 0, 0, 0, 0, '', 0, -1, -1, 0, 0, 0, 0, 0, 0, 0, 0, 0, 0, 0, 0, 0, 0, 0, 0, 0, 0, 1, 0, 0, -1, 0, 0, 0, 0, 0, 0, NULL, NULL),
(46169, 'Mimic', '$1392', '新象牙の塔', 'L1Monster', 1479, 50, 1250, 20, -50, 16, 12, 14, 10, 11, 20, 2501, -20, 'small', 1, 1, 1, 1280, 1120, 0, 1120, 1120, 0, 0, 0, 1, 0, 0, '', 0, -1, -1, 1, 0, 0, 0, 0, 0, 0, 0, 0, 0, 0, 0, 0, 0, 0, 1, 0, 0, 1, 0, 0, -1, 0, 0, 0, 0, 0, 0, NULL, NULL),
(46170, 'Stone Golem', '$56', '新象牙の塔', 'L1Monster', 4910, 50, 875, 10, -50, 58, 16, 10, 6, 11, 45, 2501, -30, 'large', 1, 1, 0, 1280, 960, 1200, 2640, 2640, 0, 0, 0, 1, 0, 0, 'golem', 0, -1, -1, 0, 0, 0, 0, 0, 0, 0, 0, 0, 0, 0, 0, 0, 0, 0, 0, 0, 0, 1, 0, 0, -1, 0, 0, 0, 0, 0, 0, NULL, NULL),
(46171, 'Iron Golem', '$1789', '新象牙の塔', 'L1Monster', 4867, 51, 910, 10, -51, 70, 30, 8, 5, 5, 20, 2602, -28, 'large', 1, 1, 0, 1920, 1360, 1280, 1120, 1280, 0, 0, 0, 1, 1, 1, 'golem', 1, -1, -1, 0, 0, 0, 0, 0, 0, 0, 0, 0, 0, 0, 0, 0, 0, 0, 1, 0, 0, 1, 0, 0, -1, 0, 0, 0, 0, 0, 0, NULL, NULL),
(46172, 'Gelatinous Cube', '$2115', '新象牙の塔', 'L1Monster', 2541, 52, 946, 10, -47, 21, 20, 8, 5, 9, 0, 2705, -25, 'large', 1, 10, 1, 1440, 1280, 0, 1280, 1280, 0, 1, 0, 1, 1, 0, 'gelatine', 1, -1, -1, 0, 0, 0, 0, 0, 0, 0, 0, 0, 0, 0, 0, 0, 0, 0, 0, 0, 0, 1, 2559, 0, -1, 0, 0, 0, 0, 0, 0, NULL, NULL),
(46173, 'Living Armor', '$1408', '新象牙の塔・A', 'L1Monster', 1578, 53, 983, 40, -53, 18, 15, 12, 12, 10, 40, 2810, -35, 'small', 1, 1, 1, 1440, 1920, 0, 1920, 1920, 2, 0, 0, 1, 1, 0, 'livingarmour', 1, -1, -1, 0, 0, 0, 0, 0, 0, 0, 0, 0, 0, 0, 0, 0, 0, 0, 1, 0, 0, 1, 0, 0, -1, 0, 0, 0, 0, 0, 0, NULL, NULL),
(46174, 'Living Armor', '$1408', '新象牙の塔・B', 'L1Monster', 5348, 54, 1021, 10, -44, 18, 15, 12, 12, 10, 50, 2917, -35, 'small', 1, 1, 1, 960, 1000, 880, 1920, 1920, 2, 0, 0, 1, 1, 0, 'livingarmour', 1, -1, -1, 0, 0, 0, 0, 0, 0, 0, 0, 0, 0, 0, 0, 0, 0, 0, 1, 0, 0, 1, 0, 0, -1, 0, 0, 0, 0, 0, 0, NULL, NULL),
(46175, 'Dancing Sword', '$2111', '新象牙の塔', 'L1Monster', 2513, 55, 1059, 10, -50, 17, 12, 20, 5, 6, 40, 3026, -39, 'small', 1, 2, 0, 480, 1120, 1440, 1120, 1120, 0, 0, 0, 1, 1, 0, '', 0, -1, -1, 0, 0, 0, 0, 0, 0, 0, 0, 0, 0, 0, 0, 0, 0, 0, 0, 0, 0, 1, 0, 0, -1, 0, 4, 0, 0, 0, 0, NULL, NULL),
(46176, 'Ball Lightning', '$2485', '新象牙の塔', 'L1Monster', 2727, 55, 1059, 50, -50, 16, 17, 18, 15, 16, 45, 3026, -10, 'small', 1, 1, 0, 960, 920, 0, 920, 1280, 0, 0, 0, 0, 0, 0, '', 0, -1, -1, 0, 0, 0, 0, 0, 0, 0, 0, 0, 0, 0, 0, 0, 0, 0, 0, 0, 0, 0, 0, 0, -1, 0, 0, 0, 0, 0, 0, NULL, NULL),
(46177, 'Elder', '$19', '新象牙の塔', 'L1Monster', 32, 55, 1059, 50, -35, 10, 14, 10, 16, 16, 30, 3026, 200, 'small', 1, 1, 1, 800, 1800, 840, 720, 960, 0, 0, 0, 1, 1, 0, 'elder', 1, -1, -1, 0, 0, 0, 0, 0, 0, 0, 0, 0, 0, 0, 0, 0, 0, 0, 0, 0, 0, 1, 0, 0, -1, 0, 0, 0, 0, 0, 0, NULL, NULL),
(46178, 'Cimaera', '$2107', '新象牙の塔', 'L1Monster', 2407, 55, 1059, 50, -35, 19, 18, 16, 8, 8, 35, 3026, -40, 'small', 1, 2, 1, 960, 1440, 1560, 1440, 1440, 0, 1, 0, 1, 1, 0, 'cimaera', 0, -1, -1, 0, 0, 0, 0, 0, 0, 0, 0, 0, 0, 0, 0, 0, 0, 0, 0, 0, 0, 1, 0, 0, -1, 0, 0, 0, 0, 0, 0, NULL, NULL),
(46179, 'Ramia', '$1428', '新象牙の塔・緑', 'L1Monster', 1597, 56, 1098, 50, -36, 15, 15, 12, 12, 10, 10, 3137, -25, 'large', 1, 1, 0, 960, 1880, 2720, 1880, 1880, 0, 1, 0, 1, 0, 0, 'lahmia', 1, -1, -1, 0, 0, 0, 0, 0, 0, 0, 0, 0, 0, 0, 0, 0, 0, 0, 0, 0, 0, 1, 0, 0, -1, 0, 0, 0, 0, 0, 0, NULL, NULL),
(46180, 'Ramia', '$1428', '新象牙の塔・青', 'L1Monster', 1600, 56, 1098, 50, -36, 15, 15, 12, 12, 10, 10, 3137, -25, 'large', 1, 1, 0, 960, 1880, 2720, 1880, 1880, 0, 1, 0, 1, 0, 0, 'lahmia', 1, -1, -1, 0, 0, 0, 0, 0, 0, 0, 0, 0, 0, 0, 0, 0, 0, 0, 0, 0, 0, 1, 0, 0, -1, 0, 0, 0, 0, 0, 0, NULL, NULL),
(46181, 'Dark Elder', '$992', '新象牙の塔・Chatなし', 'L1Monster', 183, 57, 1137, 50, -37, 12, 15, 12, 17, 17, 90, 3250, -50, 'small', 1, 1, 0, 640, 880, 800, 600, 800, 0, 0, 0, 1, 1, 1, 'elder', 1, -1, -1, 0, 0, 0, 5000, 200, 5000, 200, 0, 0, 0, 0, 0, 0, 0, 0, 1, 0, 0, 0, 0, 0, -1, 0, 3, 1, 0, 0, 0, NULL, NULL),
(46182, 'Black Wizard', '$3141', '新象牙の塔', 'L1Monster', 5212, 58, 1177, 50, -38, 16, 20, 18, 18, 18, 80, 3365, -50, 'small', 1, 1, 0, 960, 1160, 1080, 1160, 1080, 0, 0, 0, 1, 1, 1, 'blackwizard', 1, -1, -1, 0, 0, 0, 0, 0, 0, 0, 0, 0, 0, 0, 0, 0, 0, 0, 0, 0, 0, 1, 0, 0, -1, 0, 14, 0, 0, 0, 0, NULL, NULL),
(46183, 'Death', '$1562', '新象牙の塔', 'L1Monster', 1576, 58, 1177, 50, -53, 12, 11, 11, 9, 13, 9, 3365, -28, 'small', 1, 1, 1, 640, 2280, 2080, 2280, 2280, 1, 0, 0, 1, 1, 0, 'death', 1, -1, -1, 0, 0, 0, 0, 0, 0, 0, 0, 0, 0, 0, 0, 0, 0, 0, 0, 0, 1, 1, 0, 0, -1, 0, 0, 0, 0, 0, 0, NULL, NULL),
(46184, 'Silhouette', '$1404', '新象牙の塔', 'L1Monster', 1571, 58, 1177, 50, -53, 14, 8, 16, 12, 14, 30, 3365, -14, 'small', 1, 1, 1, 640, 1920, 1760, 1920, 1920, 1, 0, 0, 1, 0, 0, '', 0, -1, -1, 0, 0, 0, 0, 0, 0, 0, 0, 0, 0, 0, 0, 0, 0, 0, 0, 0, 1, 1, 0, 0, -1, 0, 0, 0, 0, 0, 0, NULL, NULL),
(46185, 'Ghost', '$1563', '新象牙の塔', 'L1Monster', 3364, 59, 1218, 50, -54, 11, 11, 11, 9, 13, 45, 3482, -10, 'small', 1, 1, 1, 960, 1240, 1080, 640, 640, 1, 0, 0, 0, 0, 0, 'ghost', 1, -1, -1, 0, 0, 0, 0, 0, 0, 0, 0, 0, 0, 0, 0, 0, 0, 0, 0, 0, 1, 1, 0, 0, -1, 0, 0, 0, 0, 0, 0, NULL, NULL),
(46186, 'Depraved Soul', '$2658', '新象牙の塔', 'L1Monster', 8457, 59, 1345, 50, -57, 75, 18, 17, 15, 17, 50, 3482, -120, 'small', 1, 2, 0, 640, 680, 1080, 960, 1040, 0, 0, 0, 0, 1, 0, 'daemon', 1, -1, -1, 0, 0, 0, 5000, 40, 5000, 20, 0, 0, 0, 0, 0, 0, 0, 0, 1, 0, 1, 0, 0, 0, -1, 0, 0, 1, 0, 1, 0, NULL, NULL),
(46187, 'Beleth\'s Shadow', '$11515', '新象牙の塔', 'L1Monster', 1011, 60, 1260, 50, -55, 68, 20, 18, 18, 17, 80, 3601, -5, 'small', 1, 2, 0, 480, 760, 800, 800, 1040, 2, 0, 0, 1, 1, 1, 'daemon', 1, -1, -1, 0, 0, 0, 5000, 15, 5000, 40, 0, 0, 0, 0, 0, 0, 0, 4, 1, 0, 0, 0, 0, 0, -1, 0, 0, 0, 0, 0, 0, NULL, NULL),
(46188, 'Varlok\'s Servant', '$2360', '新象牙の塔', 'L1Monster', 2763, 59, 1218, 50, -54, 9, 11, 14, 12, 12, 75, 3482, -10, 'large', 1, 1, 0, 960, 920, 0, 1480, 1480, 2, 0, 0, 1, 1, 1, 'daemon', 0, -1, -1, 0, 0, 0, 0, 0, 0, 0, 0, 0, 0, 0, 0, 0, 0, 0, 0, 0, 0, 1, 0, 0, -1, 0, 0, 0, 0, 0, 0, NULL, NULL),
(46189, 'Lesser Demon', '$2112', '新象牙の塔', 'L1Monster', 2524, 60, 1260, 50, -55, 20, 17, 16, 12, 14, 80, 3601, -60, 'small', 1, 1, 0, 720, 720, 1040, 1040, 1200, 2, 0, 0, 1, 1, 1, 'daemon', 0, -1, -1, 0, 0, 0, 0, 0, 0, 0, 0, 0, 0, 0, 0, 0, 0, 0, 0, 0, 0, 1, 0, 0, -1, 0, 14, 0, 0, 0, 0, NULL, NULL),
(46190, 'Baphomet\'s Shadow', '$11516', '新象牙の塔', 'L1Monster', 53, 62, 1345, 50, -57, 68, 20, 18, 17, 16, 80, 3845, -100, 'small', 1, 1, 0, 480, 760, 800, 800, 1040, 2, 0, 0, 1, 1, 1, 'daemon', 0, -1, -1, 0, 0, 0, 5000, 300, 5000, 30, 0, 0, 0, 0, 0, 0, 0, 0, 1, 0, 0, 0, 0, 0, -1, 0, 0, 1, 0, 1, 0, NULL, NULL),
(46191, 'Gargoyle', '$2102', '新象牙の塔', 'L1Monster', 2308, 61, 1302, 50, -56, 0, 0, 0, 0, 99, 50, 3722, -30, 'large', 1, 2, 0, 960, 1240, 1240, 1240, 1240, 0, 0, 0, 1, 1, 0, 'daemon', 0, -1, -1, 0, 0, 0, 5000, 55, 5000, 0, 0, 0, 0, 0, 0, 0, 0, 0, 0, 0, 0, 1, 0, 0, -1, 0, 0, 0, 0, 0, 0, NULL, NULL),
(46192, 'Pasaj', '$4336', '新象牙の塔・変身前', 'L1Monster', 5461, 62, 1345, 50, -57, 35, 21, 11, 21, 18, 100, 0, 0, 'large', 1, 1, 0, 800, 960, 0, 1200, 1200, 2, 0, 0, 1, 1, 1, 'daemon', 0, -1, -1, 0, 0, 0, 5000, 10, 5000, 50, 0, 0, 0, 0, 0, 0, 0, 0, 0, 0, 0, 1, 0, 0, 46193, 0, 0, 0, 0, 0, 0, NULL, NULL),
(46193, 'Pasaj', '$4336', '新象牙の塔・変身後', 'L1Monster', 5463, 62, 1345, 50, -57, 35, 21, 11, 21, 18, 100, 3845, -5, 'large', 1, 1, 0, 960, 1000, 1120, 1000, 1120, 2, 0, 0, 1, 1, 1, 'daemon', 0, -1, -1, 0, 0, 0, 5000, 10, 5000, 50, 0, 0, 0, 0, 0, 0, 0, 0, 0, 0, 0, 1, 0, 0, -1, 0, 0, 0, 0, 0, 0, NULL, NULL),
(46194, 'Incarnation of Varlok', '$3414', '新象牙の塔', 'L1Monster', 2538, 63, 1389, 50, -58, 70, 20, 18, 20, 20, 70, 3970, -5, 'large', 1, 3, 0, 960, 1520, 1400, 1720, 1520, 2, 0, 0, 1, 1, 1, 'daemon', 1, -1, -1, 0, 0, 0, 5000, 70, 0, 0, 0, 0, 0, 0, 0, 0, 0, 8, 0, 0, 0, 0, 0, 0, -1, 0, 14, 0, 0, 0, 0, NULL, NULL),
(46195, 'Demon\'s Shadow', '$11517', '新象牙の塔', 'L1Monster', 4034, 63, 1389, 50, -58, 20, 20, 20, 18, 20, 60, 3970, -100, 'small', 1, 3, 0, 640, 720, 1760, 880, 960, 2, 0, 0, 0, 0, 0, 'daemon', 1, -1, -1, 0, 0, 0, 5000, 40, 5000, 100, 0, 0, 0, 0, 0, 0, 0, 0, 1, 0, 0, 0, 0, 0, -1, 0, 0, 1, 0, 1, 0, NULL, NULL),
(46196, 'Hadin\'s Shadow', '$11514', '新象牙の塔', 'L1Monster', 7463, 60, 5000, 50, -50, 8, 12, 7, 16, 38, 99, 3601, 200, 'small', 1, 3, 0, 640, 680, 0, 640, 720, 0, 0, 0, 0, 0, 0, '', 0, -1, -1, 0, 0, 0, 5000, 40, 5000, 100, 0, 0, 0, 0, 0, 0, 0, 0, 0, 0, 0, 0, 0, 0, -1, 0, 0, 0, 0, 0, 0, NULL, NULL);

INSERT INTO `etcitem` (`item_id`, `name`, `unidentified_name_id`, `identified_name_id`, `item_type`, `use_type`, `material`, `weight`, `invgfx`, `grdgfx`, `itemdesc_id`, `stackable`, `max_charge_count`, `dmg_small`, `dmg_large`, `min_lvl`, `max_lvl`, `locx`, `locy`, `mapid`, `bless`, `trade`, `cant_delete`, `can_seal`, `delay_id`, `delay_time`, `delay_effect`, `food_volume`, `save_at_once`) VALUES 
(50564, 'Monster Breath', '$11508', '$11508', 'material', 'none', 'gemstone', 0, 4701, 9280, 0, 1, 0, 0, 0, 0, 0, 0, 0, 0, 1, 0, 0, 0, 0, 0, 0, 0, 1);

delete from spawnlist where mapid in (78,79,80,81,82);

INSERT INTO `spawnlist` (`id`, `location`, `count`, `npc_templateid`, `group_id`, `locx`, `locy`, `randomx`, `randomy`, `locx1`, `locy1`, `locx2`, `locy2`, `heading`, `min_respawn_delay`, `max_respawn_delay`, `mapid`, `respawn_screen`, `movement_distance`, `rest`, `near_spawn`) VALUES
(78001, '紙人', 16, 46168, 0, 32894, 32771, 0, 0, 32832, 32704, 32959, 32831, 5, 0, 0, 78, 0, 0, 0, 0),
(78002, '密密', 16, 46169, 0, 32894, 32771, 0, 0, 32832, 32704, 32959, 32831, 5, 0, 0, 78, 0, 0, 0, 0),
(78003, '石頭高崙', 16, 46170, 0, 32894, 32771, 0, 0, 32832, 32704, 32959, 32831, 5, 0, 0, 78, 0, 0, 0, 0),
(78004, '鋼鐵高崙', 16, 46171, 0, 32894, 32771, 0, 0, 32832, 32704, 32959, 32831, 5, 0, 0, 78, 0, 0, 0, 0),
(78005, '果凍怪', 16, 46172, 0, 32894, 32771, 0, 0, 32832, 32704, 32959, 32831, 5, 0, 0, 78, 0, 0, 0, 0),
(78006, '活鎧甲', 8, 46173, 0, 32894, 32771, 0, 0, 32832, 32704, 32959, 32831, 5, 0, 0, 78, 0, 0, 0, 0),
(78007, '活鎧甲', 8, 46174, 0, 32894, 32771, 0, 0, 32832, 32704, 32959, 32831, 5, 0, 0, 78, 0, 0, 0, 0),
(78008, '死亡之劍', 16, 46175, 0, 32894, 32771, 0, 0, 32832, 32704, 32959, 32831, 5, 0, 0, 78, 0, 0, 0, 0),
(78009, '閃電球', 16, 46176, 0, 32894, 32771, 0, 0, 32832, 32704, 32959, 32831, 5, 0, 0, 78, 0, 0, 0, 0),
(79001, '密密', 16, 46169, 0, 32772, 32801, 0, 0, 32704, 32768, 32831, 32895, 5, 0, 0, 79, 0, 0, 0, 0),
(79002, '長者', 16, 46177, 0, 32772, 32801, 0, 0, 32704, 32768, 32831, 32895, 5, 0, 0, 79, 0, 0, 0, 0),
(79003, '奇美拉', 16, 46178, 0, 32772, 32801, 0, 0, 32704, 32768, 32831, 32895, 5, 0, 0, 79, 0, 0, 0, 0),
(79004, '蛇女', 8, 46179, 0, 32772, 32801, 0, 0, 32704, 32768, 32831, 32895, 5, 0, 0, 79, 0, 0, 0, 0),
(79005, '蛇女', 8, 46180, 0, 32772, 32801, 0, 0, 32704, 32768, 32831, 32895, 5, 0, 0, 79, 0, 0, 0, 0),
(79006, '黑長者', 12, 46181, 0, 32772, 32801, 0, 0, 32704, 32768, 32831, 32895, 5, 0, 0, 79, 0, 0, 0, 0),
(79007, '黑法師', 4, 46182, 0, 32772, 32801, 0, 0, 32704, 32768, 32831, 32895, 5, 0, 0, 79, 0, 0, 0, 0),
(80001, '密密', 12, 46169, 0, 32771, 32848, 0, 0, 32704, 32768, 32831, 32895, 5, 0, 0, 80, 0, 0, 0, 0),
(80002, '黑法師', 12, 46182, 0, 32771, 32848, 0, 0, 32704, 32768, 32831, 32895, 5, 0, 0, 80, 0, 0, 0, 0),
(80003, '死神', 12, 46183, 0, 32771, 32848, 0, 0, 32704, 32768, 32831, 32895, 5, 0, 0, 80, 0, 0, 0, 0),
(80004, '影魔', 12, 46184, 0, 32771, 32848, 0, 0, 32704, 32768, 32831, 32895, 5, 0, 0, 80, 0, 0, 0, 0),
(80005, '鬼魂', 12, 46185, 0, 32771, 32848, 0, 0, 32704, 32768, 32831, 32895, 5, 0, 0, 80, 0, 0, 0, 0),
(80006, '墮落的靈魂', 12, 46186, 0, 32771, 32848, 0, 0, 32704, 32768, 32831, 32895, 5, 0, 0, 80, 0, 0, 0, 0),
(80007, '巴列斯之影', 12, 46187, 0, 32771, 32848, 0, 0, 32704, 32768, 32831, 32895, 5, 0, 0, 80, 0, 0, 0, 0),
(81001, '密密', 8, 46169, 0, 32763, 32848, 0, 0, 32704, 32768, 32831, 32895, 5, 0, 0, 81, 0, 0, 0, 0),
(81002, '影魔', 16, 46184, 0, 32763, 32848, 0, 0, 32704, 32768, 32831, 32895, 5, 0, 0, 81, 0, 0, 0, 0),
(81003, '鬼魂', 16, 46185, 0, 32763, 32848, 0, 0, 32704, 32768, 32831, 32895, 5, 0, 0, 81, 0, 0, 0, 0),
(81004, '巴列斯之影', 8, 46187, 0, 32763, 32848, 0, 0, 32704, 32768, 32831, 32895, 5, 0, 0, 81, 0, 0, 0, 0),
(81005, '炎魔的奴僕', 12, 46188, 0, 32763, 32848, 0, 0, 32704, 32768, 32831, 32895, 5, 0, 0, 81, 0, 0, 0, 0),
(81006, '小惡魔', 12, 46189, 0, 32763, 32848, 0, 0, 32704, 32768, 32831, 32895, 5, 0, 0, 81, 0, 0, 0, 0),
(81007, '巴風特之影', 8, 46190, 0, 32763, 32848, 0, 0, 32704, 32768, 32831, 32895, 5, 0, 0, 81, 0, 0, 0, 0),
(82001, '密密', 4, 46169, 0, 32698, 32823, 0, 0, 32640, 32768, 32767, 32895, 5, 0, 0, 82, 0, 0, 0, 0),
(82002, '小惡魔', 4, 46189, 0, 32698, 32823, 0, 0, 32640, 32768, 32767, 32895, 5, 0, 0, 82, 0, 0, 0, 0),
(82003, '翼魔', 4, 46191, 0, 32698, 32823, 0, 0, 32640, 32768, 32767, 32895, 5, 0, 0, 82, 0, 0, 0, 0),
(82004, '巴薩斯', 4, 46192, 0, 32698, 32823, 0, 0, 32640, 32768, 32767, 32895, 5, 0, 0, 82, 0, 0, 0, 0),
(82005, '炎魔之影', 4, 46194, 0, 32698, 32823, 0, 0, 32640, 32768, 32767, 32895, 5, 0, 0, 82, 0, 0, 0, 0),
(82006, '惡魔之影', 4, 46195, 0, 32698, 32823, 0, 0, 32640, 32768, 32767, 32895, 5, 0, 0, 82, 0, 0, 0, 0);


INSERT INTO `droplist` (`mobId`, `mob_name`, `itemId`, `item_name`, `min`, `max`, `chance`) VALUES
(46168, 'Paper Man', 40126, 'Scroll of Identify', 1, 1, 100000),
(46168, 'Paper Man', 50564, 'Monster Breath', 1, 1, 1000),
(46168, 'Paper Man', 40100, 'Scroll of Teleportation', 1, 1, 100000),
(46168, 'Paper Man', 40092, 'Blank Scroll (Level 3)', 1, 1, 50000),
(46168, 'Paper Man', 40091, 'Blank Scroll (Level 2)', 1, 1, 50000),
(46168, 'Paper Man', 40090, 'Blank Scroll (Level 1)', 1, 1, 50000),
(46168, 'Paper Man', 40088, 'Scroll of Polymorph', 1, 1, 100000),
(46168, 'Paper Man', 40079, 'Scroll of Escape', 1, 1, 100000),
(46168, 'Paper Man', 40031, 'Native`s Totem', 1, 1, 1000000),
(46169, 'Mimic', 20165, 'Demon Gloves', 1, 1, 8000),
(46169, 'Mimic', 20197, 'Demon Boots', 1, 1, 8000),
(46169, 'Mimic', 41153, 'Spirit Crystal(Strikers Gale)', 1, 1, 800),
(46169, 'Mimic', 50564, 'Monster Breath', 1, 1, 1000),
(46169, 'Mimic', 40224, 'Spellbook(AdvanceSpirit)', 1, 1, 800),
(46169, 'Mimic', 40238, 'Spirit Crystal(BloodtoSoul)', 1, 1, 13000),
(46169, 'Mimic', 85, 'Devil\'s Edoryu', 1, 1, 100),
(46169, 'Mimic', 40223, 'Spellbook(AbsoluteBarrier)', 1, 1, 800),
(46169, 'Mimic', 40178, 'Spellbook(Paralyze)', 1, 1, 6000),
(46169, 'Mimic', 40074, 'Scroll of Enchant Armor', 1, 1, 32000),
(46169, 'Mimic', 40087, 'Scroll of Enchant Weapon', 1, 1, 9000),
(46169, 'Mimic', 40031, 'Native`s Totem', 1, 1, 1000000),
(46170, 'Stone Golem', 40308, 'Adena', 200, 300, 1000000),
(46170, 'Stone Golem', 50564, 'Monster Breath', 1, 1, 5000),
(46171, 'Iron Golem', 40308, 'Adena', 200, 300, 1000000),
(46171, 'Iron Golem', 50564, 'Monster Breath', 1, 1, 5000),
(46172, 'Gelatinous Cube', 40308, 'Adena', 200, 300, 1000000),
(46172, 'Gelatinous Cube', 50564, 'Monster Breath', 1, 1, 5000),
(46173, 'Living Armor', 50564, 'Monster Breath', 1, 1, 5000),
(46173, 'Living Armor', 40308, 'Adena', 200, 300, 1000000),
(46174, 'Living Armor', 40308, 'Adena', 200, 300, 1000000),
(46174, 'Living Armor', 50564, 'Monster Breath', 1, 1, 5000),
(46175, 'Dancing Sword', 40308, 'Adena', 200, 300, 1000000),
(46175, 'Dancing Sword', 50564, 'Monster Breath', 1, 1, 5000),
(46176, 'Ball Lightning', 40308, 'Adena', 200, 300, 1000000),
(46176, 'Ball Lightning', 50564, 'Monster Breath', 1, 1, 5000),
(46177, 'Elder', 40308, 'Adena', 200, 300, 1000000),
(46177, 'Elder', 50564, 'Monster Breath', 1, 1, 5000),
(46178, 'Cimaera', 40031, 'Native`s Totem', 1, 1, 1000000),
(46178, 'Cimaera', 50564, 'Monster Breath', 1, 1, 5000),
(46178, 'Cimaera', 40308, 'Adena', 200, 300, 1000000),
(46179, 'Ramia', 50564, 'Monster Breath', 1, 1, 5000),
(46179, 'Ramia', 40308, 'Adena', 200, 300, 1000000),
(46180, 'Ramia', 50564, 'Monster Breath', 1, 1, 5000),
(46180, 'Ramia', 40308, 'Adena', 200, 300, 1000000),
(46181, 'Dark Elder', 50564, 'Monster Breath', 1, 1, 5000),
(46181, 'Dark Elder', 40308, 'Adena', 200, 300, 1000000),
(46182, 'Black Wizard', 50564, 'Monster Breath', 1, 1, 5000),
(46182, 'Black Wizard', 40016, 'Potion of Wisdom', 1, 1, 100000),
(46182, 'Black Wizard', 40015, 'Potion of Mana', 1, 1, 50000),
(46182, 'Black Wizard', 40308, 'Adena', 200, 300, 1000000),
(46182, 'Black Wizard', 40031, 'Native`s Totem', 1, 1, 500000),
(46183, 'Death', 40308, 'Adena', 200, 300, 1000000),
(46183, 'Death', 40031, 'Native`s Totem', 1, 1, 500000),
(46183, 'Death', 50564, 'Monster Breath', 1, 1, 5000),
(46184, 'Silhouette', 50564, 'Monster Breath', 1, 1, 5000),
(46184, 'Silhouette', 40308, 'Adena', 200, 300, 1000000),
(46184, 'Silhouette', 40031, 'Native`s Totem', 1, 1, 500000),
(46185, 'Ghost', 40308, 'Adena', 200, 300, 1000000),
(46185, 'Ghost', 40031, 'Native`s Totem', 1, 1, 1000000),
(46185, 'Ghost', 50564, 'Monster Breath', 1, 1, 5000),
(46186, 'Depraved Soul', 40031, 'Native`s Totem', 1, 1, 500000),
(46186, 'Depraved Soul', 50564, 'Monster Breath', 1, 1, 5000),
(46186, 'Depraved Soul', 40308, 'Adena', 200, 300, 1000000),
(46187, 'Beleth\'s Shadow', 50564, 'Monster Breath', 1, 1, 7000),
(46187, 'Beleth\'s Shadow', 40308, 'Adena', 300, 500, 1000000),
(46187, 'Beleth\'s Shadow', 40031, 'Native`s Totem', 1, 1, 500000),
(46188, 'Varlok\'s Servant', 50564, 'Monster Breath', 1, 1, 5000),
(46188, 'Varlok\'s Servant', 40031, 'Native`s Totem', 1, 1, 500000),
(46188, 'Varlok\'s Servant', 40308, 'Adena', 200, 300, 1000000),
(46189, 'Lesser Demon', 40308, 'Adena', 200, 300, 1000000),
(46189, 'Lesser Demon', 50564, 'Monster Breath', 1, 1, 5000),
(46189, 'Lesser Demon', 40031, 'Native`s Totem', 1, 1, 500000),
(46190, 'Baphomet\'s Shadow', 50564, 'Monster Breath', 1, 1, 7000),
(46190, 'Baphomet\'s Shadow', 40308, 'Adena', 300, 500, 1000000),
(46190, 'Baphomet\'s Shadow', 40031, 'Native`s Totem', 1, 1, 500000),
(46191, 'Gargoyle', 50564, 'Monster Breath', 1, 1, 5000),
(46191, 'Gargoyle', 40308, 'Adena', 200, 300, 1000000),
(46191, 'Gargoyle', 40031, 'Native`s Totem', 1, 1, 500000),
(46193, 'Pasaj', 50564, 'Monster Breath', 1, 1, 6000),
(46193, 'Pasaj', 40031, 'Native`s Totem', 1, 1, 500000),
(46194, 'Incarnation of Varlok', 50564, 'Monster Breath', 1, 1, 7000),
(46194, 'Incarnation of Varlok', 40308, 'Adena', 300, 500, 1000000),
(46194, 'Incarnation of Varlok', 40031, 'Native`s Totem', 1, 1, 500000),
(46195, 'Demon\'s Shadow', 50564, 'Monster Breath', 1, 1, 7000),
(46195, 'Demon\'s Shadow', 40031, 'Native`s Totem', 1, 1, 500000),
(46195, 'Demon\'s Shadow', 40308, 'Adena', 300, 500, 1000000),
(46196, 'Hadin\'s Shadow', 50564, 'Monster Breath', 1, 1, 10000),
(46196, 'Hadin\'s Shadow', 40074, 'Scroll of Enchant Armor', 1, 1, 10000),
(46196, 'Hadin\'s Shadow', 40031, 'Native`s Totem', 1, 1, 500000),
(46196, 'Hadin\'s Shadow', 200052, 'Two-Handed Sword', 1, 1, 100000),
(46196, 'Hadin\'s Shadow', 57, 'Tsurugi', 1, 1, 5000),
(46196, 'Hadin\'s Shadow', 2, 'Dice Dagger', 1, 1, 10000),
(46196, 'Hadin\'s Shadow', 165, 'Devil\'s Claw', 1, 1, 300),
(46196, 'Hadin\'s Shadow', 52, 'Two Handed Sword', 1, 1, 100000),
(46196, 'Hadin\'s Shadow', 63, 'Devil\'s Knife', 1, 1, 300),
(46196, 'Hadin\'s Shadow', 100052, 'Two-Handed Sword', 1, 1, 100000),
(46196, 'Hadin\'s Shadow', 40087, 'Scroll of Enchant Weapon', 1, 1, 10000),
(46196, 'Hadin\'s Shadow', 40308, 'Adena', 400, 600, 1000000),
(46196, 'Hadin\'s Shadow', 185, 'Devil\'s Crossbow', 1, 1, 300),
(46196, 'Hadin\'s Shadow', 85, 'Devil\'s Edoryu', 1, 1, 300),
(46196, 'Hadin\'s Shadow', 64, 'Great Sword', 1, 1, 100000);

INSERT INTO `mobskill` (`mobid`, `actNo`, `mobname`, `Type`, `mpConsume`, `TriRnd`, `TriHp`, `TriCompanionHp`, `TriRange`, `TriCount`, `ChangeTarget`, `Range`, `AreaWidth`, `AreaHeight`, `Leverage`, `SkillId`, `SkillArea`, `Gfxid`, `ActId`, `SummonId`, `SummonMin`, `SummonMax`, `PolyId`) VALUES
(46177, 0, 'エルダー(コールライトニング)', 2, 0, 30, 0, 0, -5, 0, 0, 5, 0, 0, 0, 17, 0, 0, 18, 0, 0, 0, 0),
(46179, 0, 'ラミア緑(Freeze)', 2, 0, 10, 0, 0, -3, 0, 0, 0, 0, 0, 15, 8810071, 0, 0, 0, 0, 0, 0, 0),
(46180, 0, 'ラミア青(Freeze)', 2, 0, 10, 0, 0, -3, 0, 0, 0, 0, 0, 15, 8810071, 0, 0, 0, 0, 0, 0, 0),
(46181, 1, 'ブラックエルダー(遠距離魔法)', 2, 0, 50, 0, 0, -8, 0, 0, 0, 0, 0, 0, 8810061, 0, 0, 0, 0, 0, 0, 0),
(46181, 0, 'ブラックエルダー(トルネード)', 2, 0, 20, 0, 0, -4, 0, 0, 0, 0, 0, 20, 53, 0, 0, 0, 0, 0, 0, 0),
(46182, 3, 'ブラック ウィザード(召還:マヤの召喚物)', 3, 0, 20, 0, 0, -3, 1, 0, 0, 0, 0, 0, 0, 0, 0, 0, 46040, 1, 1, 0),
(46182, 2, 'ブラック ウィザード(召還:マヤの召喚物)', 3, 0, 20, 0, 0, -3, 1, 0, 0, 0, 0, 0, 0, 0, 0, 0, 46039, 1, 1, 0),
(46182, 1, 'ブラック ウィザード(召還)', 3, 0, 5, 0, 0, 0, 3, 0, 0, 0, 0, 0, 0, 0, 0, 18, 46038, 1, 2, 0),
(46182, 0, 'ブラック ウィザード(ファイヤーボール)', 2, 0, 30, 0, 0, -5, 0, 0, 5, 0, 0, 0, 25, 0, 0, 18, 0, 0, 0, 0),
(46183, 0, 'デス(ウィンドシャックル)', 2, 0, 30, 0, 0, -1, 0, 0, 1, 0, 0, 0, 167, 0, 0, 0, 0, 0, 0, 0),
(46187, 2, 'ベレスの分身(召還:スケルトン)', 3, 0, 5, 0, 0, -3, 0, 0, 0, 0, 0, 0, 0, 0, 0, 0, 81088, 5, 5, 0),
(46187, 1, 'ベレスの分身(物理攻撃)', 1, 0, 100, 0, 0, -1, 0, 0, 1, 0, 0, 30, 0, 0, 0, 0, 0, 0, 0, 0),
(46187, 0, 'ベレスの分身(ファイアーボール)', 2, 0, 20, 0, 0, -6, 0, 0, 0, 0, 0, 70, 25, 0, 0, 0, 0, 0, 0, 0),
(46188, 0, 'バルログの追従者(6セル攻撃)', 2, 0, 80, 0, 0, -6, 0, 0, 6, 0, 0, 0, 20001, 0, 1160, 18, 0, 0, 0, 0),
(46189, 2, 'レッサーデーモン(ディジーズ)', 2, 0, 20, 0, 0, -1, 0, 0, 1, 0, 0, 0, 56, 0, 0, 19, 0, 0, 0, 0),
(46189, 1, 'レッサーデーモン(物理攻撃)', 1, 0, 100, 0, 0, -1, 0, 0, 1, 0, 0, 20, 0, 0, 0, 0, 0, 0, 0, 0),
(46189, 0, 'レッサーデーモン(火炎魔方陣)', 2, 0, 50, 0, 0, -2, 0, 0, 0, 0, 0, 0, 8810042, 0, 0, 0, 0, 0, 0, 0),
(46190, 0, 'バフォメット(イラプション)', 2, 0, 20, 0, 0, -6, 0, 0, 0, 0, 0, 20, 45, 0, 0, 0, 0, 0, 0, 0),
(46190, 1, 'バフォメットの分身(召還:スケルトン)', 3, 0, 5, 0, 0, -3, 0, 0, 0, 0, 0, 0, 0, 0, 0, 0, 91266, 5, 5, 0),
(46192, 0, 'パーサズ(トルネード)', 2, 0, 20, 0, 0, -4, 0, 0, 0, 0, 0, 10, 53, 0, 0, 0, 0, 0, 0, 0),
(46193, 0, 'パーサズ(変身後)(8セル遠距離特殊攻撃)', 2, 0, 100, 0, 0, -8, 0, 0, 0, 0, 0, 5, 8810066, 0, 0, 0, 0, 0, 0, 0),
(46194, 0, 'バルログの分身(アースクエイク)', 2, 0, 50, 0, 0, -6, 0, 0, 0, 0, 0, 25, 8810056, 0, 0, 0, 0, 0, 0, 0),
(46195, 0, 'デーモンの分身(広範囲魔法)', 2, 0, 30, 0, 0, -6, 0, 0, 0, 0, 0, 20, 8810038, 0, 0, 0, 0, 0, 0, 0),
(46195, 1, 'デーモンの分身(キャンセレーション)', 2, 0, 10, 0, 0, -6, 0, 0, 0, 0, 0, 0, 44, 0, 0, 0, 0, 0, 0, 0),
(46195, 2, 'デーモンの分身(ファイアーボール)', 2, 0, 30, 0, 0, -6, 0, 0, 0, 0, 0, 100, 25, 0, 0, 0, 0, 0, 0, 0),
(46195, 3, 'デーモンの分身(物理攻撃)', 1, 0, 100, 0, 0, -3, 0, 0, 3, 0, 0, 30, 0, 0, 0, 0, 0, 0, 0, 0),
(46196, 0, 'ハーディンの分身(4セル範囲)', 2, 0, 30, 0, 0, -4, 0, 0, 4, 4, 4, 80, 20002, 0, 7467, 19, 0, 0, 0, 0),
(46196, 1, 'ハーディンの分身(6セル特殊)', 2, 0, 50, 0, 0, -6, 0, 0, 6, 0, 0, 90, 20001, 0, 7466, 18, 0, 0, 0, 0);

INSERT INTO `trap` (`id`, `note`, `type`, `gfxid`, `isdetectionable`, `base`, `dice`, `dicecount`, `poisontype`, `poisondelay`, `poisontime`, `poisondamage`, `monsternpcid`, `monstercount`, `teleportx`, `teleporty`, `teleportmapid`, `skillid`, `skilltimeseconds`) VALUES
(53, 'IT4Fペーパーマン', 'L1MonsterTrap', 0, 0, 0, 0, 0, '-', 0, 0, 0, 46168, 2, 0, 0, 0, 0, 0),
(54, 'IT4Fミミック', 'L1MonsterTrap', 0, 0, 0, 0, 0, '-', 0, 0, 0, 46169, 2, 0, 0, 0, 0, 0),
(55, 'IT4Fストーン ゴーレム', 'L1MonsterTrap', 0, 0, 0, 0, 0, '-', 0, 0, 0, 46170, 2, 0, 0, 0, 0, 0),
(56, 'IT4Fアイアン ゴーレム', 'L1MonsterTrap', 0, 0, 0, 0, 0, '-', 0, 0, 0, 46171, 2, 0, 0, 0, 0, 0),
(57, 'IT4Fゼラチン キューブ', 'L1MonsterTrap', 0, 0, 0, 0, 0, '-', 0, 0, 0, 46172, 2, 0, 0, 0, 0, 0),
(58, 'IT4Fリビング アーマー', 'L1MonsterTrap', 0, 0, 0, 0, 0, '-', 0, 0, 0, 46173, 2, 0, 0, 0, 0, 0),
(59, 'IT4Fリビング アーマー', 'L1MonsterTrap', 0, 0, 0, 0, 0, '-', 0, 0, 0, 46174, 2, 0, 0, 0, 0, 0),
(60, 'IT4Fダンシング ソード', 'L1MonsterTrap', 0, 0, 0, 0, 0, '-', 0, 0, 0, 46175, 2, 0, 0, 0, 0, 0),
(61, 'IT4Fボール ライトニング', 'L1MonsterTrap', 0, 0, 0, 0, 0, '-', 0, 0, 0, 46176, 2, 0, 0, 0, 0, 0),
(62, 'IT5Fミミック', 'L1MonsterTrap', 0, 0, 0, 0, 0, '-', 0, 0, 0, 46169, 2, 0, 0, 0, 0, 0),
(63, 'IT5Fエルダー', 'L1MonsterTrap', 0, 0, 0, 0, 0, '-', 0, 0, 0, 46177, 2, 0, 0, 0, 0, 0),
(64, 'IT5Fキメラ', 'L1MonsterTrap', 0, 0, 0, 0, 0, '-', 0, 0, 0, 46178, 2, 0, 0, 0, 0, 0),
(65, 'IT5Fラミア', 'L1MonsterTrap', 0, 0, 0, 0, 0, '-', 0, 0, 0, 46179, 2, 0, 0, 0, 0, 0),
(66, 'IT5Fラミア', 'L1MonsterTrap', 0, 0, 0, 0, 0, '-', 0, 0, 0, 46180, 2, 0, 0, 0, 0, 0),
(67, 'IT5Fブラック エルダー', 'L1MonsterTrap', 0, 0, 0, 0, 0, '-', 0, 0, 0, 46181, 2, 0, 0, 0, 0, 0),
(68, 'IT5Fブラック ウィザード', 'L1MonsterTrap', 0, 0, 0, 0, 0, '-', 0, 0, 0, 46182, 2, 0, 0, 0, 0, 0),
(69, 'IT6Fミミック', 'L1MonsterTrap', 0, 0, 0, 0, 0, '-', 0, 0, 0, 46169, 2, 0, 0, 0, 0, 0),
(70, 'IT6Fブラック ウィザード', 'L1MonsterTrap', 0, 0, 0, 0, 0, '-', 0, 0, 0, 46182, 2, 0, 0, 0, 0, 0),
(71, 'IT6Fデス', 'L1MonsterTrap', 0, 0, 0, 0, 0, '-', 0, 0, 0, 46183, 2, 0, 0, 0, 0, 0),
(72, 'IT6Fシルエット', 'L1MonsterTrap', 0, 0, 0, 0, 0, '-', 0, 0, 0, 46184, 2, 0, 0, 0, 0, 0),
(73, 'IT6Fゴースト', 'L1MonsterTrap', 0, 0, 0, 0, 0, '-', 0, 0, 0, 46185, 2, 0, 0, 0, 0, 0),
(74, 'IT6Fディジネレイト ソウル', 'L1MonsterTrap', 0, 0, 0, 0, 0, '-', 0, 0, 0, 46186, 2, 0, 0, 0, 0, 0),
(75, 'IT6Fベレスの分身', 'L1MonsterTrap', 0, 0, 0, 0, 0, '-', 0, 0, 0, 46187, 2, 0, 0, 0, 0, 0),
(76, 'IT6Fハーディンの分身', 'L1MonsterTrap', 0, 0, 0, 0, 0, '-', 0, 0, 0, 46196, 2, 0, 0, 0, 0, 0),
(77, 'IT7Fミミック', 'L1MonsterTrap', 0, 0, 0, 0, 0, '-', 0, 0, 0, 46169, 2, 0, 0, 0, 0, 0),
(78, 'IT7Fシルエット', 'L1MonsterTrap', 0, 0, 0, 0, 0, '-', 0, 0, 0, 46184, 2, 0, 0, 0, 0, 0),
(79, 'IT7Fゴースト', 'L1MonsterTrap', 0, 0, 0, 0, 0, '-', 0, 0, 0, 46185, 2, 0, 0, 0, 0, 0),
(80, 'IT7Fベレスの分身', 'L1MonsterTrap', 0, 0, 0, 0, 0, '-', 0, 0, 0, 46187, 2, 0, 0, 0, 0, 0),
(81, 'IT7Fバルログの追従者', 'L1MonsterTrap', 0, 0, 0, 0, 0, '-', 0, 0, 0, 46188, 2, 0, 0, 0, 0, 0),
(82, 'IT7Fレッサー デーモン', 'L1MonsterTrap', 0, 0, 0, 0, 0, '-', 0, 0, 0, 46189, 2, 0, 0, 0, 0, 0),
(83, 'IT7Fバフォメットの分身', 'L1MonsterTrap', 0, 0, 0, 0, 0, '-', 0, 0, 0, 46190, 2, 0, 0, 0, 0, 0),
(84, 'IT7Fハーディンの分身', 'L1MonsterTrap', 0, 0, 0, 0, 0, '-', 0, 0, 0, 46196, 2, 0, 0, 0, 0, 0),
(85, 'IT8Fミミック', 'L1MonsterTrap', 0, 0, 0, 0, 0, '-', 0, 0, 0, 46169, 2, 0, 0, 0, 0, 0),
(86, 'IT8Fレッサー デーモン', 'L1MonsterTrap', 0, 0, 0, 0, 0, '-', 0, 0, 0, 46189, 2, 0, 0, 0, 0, 0),
(87, 'IT8Fガーゴイル', 'L1MonsterTrap', 0, 0, 0, 0, 0, '-', 0, 0, 0, 46191, 2, 0, 0, 0, 0, 0),
(88, 'IT8Fパーサズ', 'L1MonsterTrap', 0, 0, 0, 0, 0, '-', 0, 0, 0, 46192, 2, 0, 0, 0, 0, 0),
(89, 'IT8Fバルログの分身', 'L1MonsterTrap', 0, 0, 0, 0, 0, '-', 0, 0, 0, 46194, 2, 0, 0, 0, 0, 0),
(90, 'IT8Fデーモンの分身', 'L1MonsterTrap', 0, 0, 0, 0, 0, '-', 0, 0, 0, 46195, 2, 0, 0, 0, 0, 0),
(91, 'IT8Fハーディンの分身', 'L1MonsterTrap', 0, 0, 0, 0, 0, '-', 0, 0, 0, 46196, 2, 0, 0, 0, 0, 0);

update spawnlist_trap set `count`=0 where mapid in (78,79,80,81,82);

INSERT INTO `spawnlist_trap` (`id`, `note`, `trapId`, `mapId`, `locX`, `locY`, `locRndX`, `locRndY`, `count`, `span`) VALUES
(334, 'IT4Fペーパーマン', 53, 78, 32896, 32770, 50, 50, 36, 0),
(335, 'IT4Fミミック', 54, 78, 32896, 32770, 50, 50, 36, 0),
(336, 'IT4Fストーン ゴーレム', 55, 78, 32896, 32770, 50, 50, 36, 0),
(337, 'IT4Fアイアン ゴーレム', 56, 78, 32896, 32770, 50, 50, 36, 0),
(338, 'IT4Fゼラチン キューブ', 57, 78, 32896, 32770, 50, 50, 36, 0),
(339, 'IT4Fリビング アーマー', 58, 78, 32896, 32770, 50, 50, 36, 0),
(340, 'IT4Fリビング アーマー', 59, 78, 32896, 32770, 50, 50, 36, 0),
(341, 'IT4Fダンシング ソード', 60, 78, 32896, 32770, 50, 50, 36, 0),
(342, 'IT4Fボール ライトニング', 61, 78, 32896, 32770, 50, 50, 36, 0),
(343, 'IT5Fミミック', 62, 79, 32770, 32834, 50, 50, 36, 0),
(344, 'IT5Fエルダー', 63, 79, 32770, 32834, 50, 50, 36, 0),
(345, 'IT5Fキメラ', 64, 79, 32770, 32834, 50, 50, 36, 0),
(346, 'IT5Fラミア', 65, 79, 32770, 32834, 50, 50, 36, 0),
(347, 'IT5Fラミア', 66, 79, 32770, 32834, 50, 50, 36, 0),
(348, 'IT5Fブラック エルダー', 67, 79, 32770, 32834, 50, 50, 36, 0),
(349, 'IT5Fブラック ウィザード', 68, 79, 32770, 32834, 50, 50, 36, 0),
(350, 'IT6Fミミック', 69, 80, 32767, 32833, 50, 50, 36, 0),
(351, 'IT6Fブラック ウィザード', 70, 80, 32767, 32833, 50, 50, 36, 0),
(352, 'IT6Fデス', 71, 80, 32767, 32833, 50, 50, 36, 0),
(353, 'IT6Fシルエット', 72, 80, 32767, 32833, 50, 50, 36, 0),
(354, 'IT6Fゴースト', 73, 80, 32767, 32833, 50, 50, 36, 0),
(355, 'IT6Fディジネレイト ソウル', 74, 80, 32767, 32833, 50, 50, 36, 0),
(356, 'IT6Fベレスの分身', 75, 80, 32767, 32833, 50, 50, 36, 0),
(357, 'IT6Fハーディンの分身', 76, 80, 32767, 32833, 50, 50, 2, 0),
(358, 'IT7Fミミック', 77, 81, 32762, 32829, 50, 50, 30, 0),
(359, 'IT7Fシルエット', 78, 81, 32762, 32829, 50, 50, 30, 0),
(360, 'IT7Fゴースト', 79, 81, 32762, 32829, 50, 50, 30, 0),
(361, 'IT7Fベレスの分身', 80, 81, 32762, 32829, 50, 50, 30, 0),
(362, 'IT7Fバルログの追従者', 81, 81, 32762, 32829, 50, 50, 30, 0),
(363, 'IT7Fレッサー デーモン', 82, 81, 32762, 32829, 50, 50, 30, 0),
(364, 'IT7Fバフォメットの分身', 83, 81, 32762, 32829, 50, 50, 30, 0),
(365, 'IT7Fハーディンの分身', 84, 81, 32762, 32829, 50, 50, 6, 0),
(366, 'IT8Fミミック', 85, 82, 32701, 32834, 50, 50, 30, 0),
(367, 'IT8Fレッサー デーモン', 86, 82, 32701, 32834, 50, 50, 30, 0),
(368, 'IT8Fガーゴイル', 87, 82, 32701, 32834, 50, 50, 30, 0),
(369, 'IT8Fパーサズ', 88, 82, 32701, 32834, 50, 50, 30, 0),
(370, 'IT8Fバルログの分身', 89, 82, 32701, 32834, 50, 50, 30, 0),
(371, 'IT8Fデーモンの分身', 90, 82, 32701, 32834, 50, 50, 30, 0),
(372, 'IT8Fハーディンの分身', 91, 82, 32701, 32834, 50, 50, 10, 0);

INSERT INTO `armor` (`item_id`, `name`, `unidentified_name_id`, `identified_name_id`, `type`, `material`, `weight`, `invgfx`, `grdgfx`, `itemdesc_id`, `ac`, `safenchant`, `use_royal`, `use_knight`, `use_mage`, `use_elf`, `use_darkelf`, `use_dragonknight`, `use_illusionist`, `add_str`, `add_con`, `add_dex`, `add_int`, `add_wis`, `add_cha`, `add_hp`, `add_mp`, `add_hpr`, `add_mpr`, `add_sp`, `min_lvl`, `max_lvl`, `m_def`, `haste_item`, `damage_reduction`, `weight_reduction`, `hit_modifier`, `dmg_modifier`, `bow_hit_modifier`, `bow_dmg_modifier`, `bless`, `trade`, `cant_delete`, `max_use_time`, `defense_water`, `defense_wind`, `defense_fire`, `defense_earth`, `regist_stun`, `regist_stone`, `regist_sleep`, `regist_freeze`, `regist_sustain`, `regist_blind`, `grade`) VALUES 
(21194, 'Talass Boots', '$11509', '$11509', 'boots', 'leather', 50000, 4697, 9281, 11714, -4, 4, 1, 1, 1, 1, 1, 1, 1, 0, 0, 0, 0, 0, 0, 0, 0, 0, 0, 0, 0, 0, 1, 0, 0, 0, 0, 0, 0, 0, 1, 0, 0, 0, 0, 0, 0, 0, 0, 0, 0, 0, 0, 0, -1),
(21195, 'Talass Gloves', '$11510', '$11510', 'glove', 'leather', 25000, 4699, 9282, 11715, -1, 4, 1, 1, 1, 1, 1, 1, 1, 2, 0, 0, 0, 0, 0, 0, 0, 0, 1, 0, 0, 0, 0, 0, 0, 0, 0, 0, 0, 0, 1, 0, 0, 0, 0, 0, 0, 0, 0, 0, 0, 0, 0, 0, -1);








